Predicted_Finish,Horse,Win_Prob,Place_Prob,Show_Prob,Fourth_Prob,Pace_Advantage,Composite_Score
1,Horse_3,0.23489933,0.25237724,0.24551634,0.25477773,0.12550273537635803,2.4425392
2,Horse_1,0.23489933,0.2419094,0.25966185,0.25717866,0.0725368857383728,2.4418278
3,Horse_5,0.23489933,0.2556774,0.24051063,0.25258926,0.02853456139564514,2.44024
4,Horse_7,0.23489933,0.2298143,0.24418083,0.3119715,-0.06524823606014252,2.4293733
5,Horse_6,0.106796116,0.17094831,0.22672991,0.4510828,0.0714118629693985,1.8445721
6,Horse_2,0.083333336,0.12786373,0.22111706,0.54417366,0.09837575256824493,1.7033324
7,Horse_8,0.083333336,0.12086919,0.21485767,0.5551868,-0.0428067147731781,1.6808431
8,Horse_4,0.004524887,0.02908085,0.102878645,0.8490229,0.04091571271419525,1.1601223
